id,title,description,availability,condition,price,link,image_link,brand,product_type
"72411ed5-6374-4130-b436-ba4c219e3f2e","Alquiler de Ahoyador 2T. 52cc · 1 día","Alquiler de Ahoyador 2T. 52cc por 1 día. Tarifa base: 30,00 € + IVA (36,30 € total IVA incluido). Fianza: 100,00 €. Ahoyador de gasolina 2 tiempos y 52 cc para perforación de terreno. Consulta disponibilidad y condiciones en Catarroja, Valencia.","in stock","used","36.30 EUR","https://rvmalquiler.es/maquinaria/ahoyador-2t-52cc/?utm_source=facebook&utm_medium=paid_social&utm_campaign=rvm_alquiler_catalogo_valencia","https://yejgfasymeuwdneaoile.supabase.co/storage/v1/object/public/rvm-images/admin/1788611925906-ahoyador-2t-52cc.jpg","RVM Serveis","Alquiler > Agrícola y jardín"
"4649695a-f26e-4159-bcb2-994c9674c744","Alquiler de Aspirador 20L 1400W · 1 día","Alquiler de Aspirador 20L 1400W por 1 día. Tarifa base: 20,00 € + IVA (24,20 € total IVA incluido). Fianza: 50,00 €. Aspirador profesional de 20 L y 1400 W para limpieza de obra y taller. Consulta disponibilidad y condiciones en Catarroja, Valencia.","in stock","used","24.20 EUR","https://rvmalquiler.es/maquinaria/aspirador-20l-1400w/?utm_source=facebook&utm_medium=paid_social&utm_campaign=rvm_alquiler_catalogo_valencia","https://yejgfasymeuwdneaoile.supabase.co/storage/v1/object/public/rvm-images/admin/1788611928864-aspirador-20l-1400w.jpg","RVM Serveis","Alquiler > Industrial"
"20463518-706b-4b6c-ba85-2c212ddd8d4d","Alquiler de Biotriturador Garland · 1 día","Alquiler de Biotriturador Garland por 1 día. Tarifa base: 78,00 € + IVA (94,38 € total IVA incluido). Fianza: 250,00 €. Biotriturador para restos de poda y jardín. Consulta disponibilidad y condiciones en Catarroja, Valencia.","in stock","used","94.38 EUR","https://rvmalquiler.es/maquinaria/biotriturador-garland/?utm_source=facebook&utm_medium=paid_social&utm_campaign=rvm_alquiler_catalogo_valencia","https://yejgfasymeuwdneaoile.supabase.co/storage/v1/object/public/rvm-images/admin/1788610040848-biotriturador-garland.jpg","RVM Serveis","Alquiler > Agrícola y jardín"
"7e6cabfe-1745-44c0-8aa7-105accfa5f5c","Alquiler de Biotriturador Remolque · 1 día","Alquiler de Biotriturador Remolque por 1 día. Tarifa base: 98,00 € + IVA (118,58 € total IVA incluido). Fianza: 350,00 €. Biotriturador con remolque para ramas y restos de poda. Consulta disponibilidad y condiciones en Catarroja, Valencia.","in stock","used","118.58 EUR","https://rvmalquiler.es/maquinaria/biotriturador-remolque/?utm_source=facebook&utm_medium=paid_social&utm_campaign=rvm_alquiler_catalogo_valencia","https://yejgfasymeuwdneaoile.supabase.co/storage/v1/object/public/rvm-images/admin/1788611952353-biotriturador-remolque.jpg","RVM Serveis","Alquiler > Agrícola y jardín"
"f8aa2c9d-fea4-42ea-9580-82c88531abd8","Alquiler de Bomba 30m3/h 4T 2"" · 1 día","Alquiler de Bomba 30m3/h 4T 2"" por 1 día. Tarifa base: 35,00 € + IVA (42,35 € total IVA incluido). Fianza: 150,00 €. Motobomba de 2 pulgadas, motor 4 tiempos y caudal indicado de 30 m³/h. Consulta disponibilidad y condiciones en Catarroja, Valencia.","in stock","used","42.35 EUR","https://rvmalquiler.es/maquinaria/bomba-30m3-h-4t-2/?utm_source=facebook&utm_medium=paid_social&utm_campaign=rvm_alquiler_catalogo_valencia","https://yejgfasymeuwdneaoile.supabase.co/storage/v1/object/public/rvm-images/admin/1788611972028-bomba-30m3-h-4t-2.jpg","RVM Serveis","Alquiler > Industrial"
"3fa57e9c-bea1-493d-8239-d55135c66d92","Alquiler de Compresor 100L · 1 día","Alquiler de Compresor 100L por 1 día. Tarifa base: 40,00 € + IVA (48,40 € total IVA incluido). Fianza: 250,00 €. Compresor de mayor capacidad para uso profesional. Consulta disponibilidad y condiciones en Catarroja, Valencia.","in stock","used","48.40 EUR","https://rvmalquiler.es/maquinaria/compresor-100l/?utm_source=facebook&utm_medium=paid_social&utm_campaign=rvm_alquiler_catalogo_valencia","https://yejgfasymeuwdneaoile.supabase.co/storage/v1/object/public/rvm-images/admin/1788611986178-compresor-100l.jpg","RVM Serveis","Alquiler > Industrial"
"6b68a662-a4ac-438a-a54a-631908c4eafa","Alquiler de Compresor 24L · 1 día","Alquiler de Compresor 24L por 1 día. Tarifa base: 40,00 € + IVA (48,40 € total IVA incluido). Fianza: 100,00 €. Compresor portátil para trabajos de taller y obra. Consulta disponibilidad y condiciones en Catarroja, Valencia.","in stock","used","48.40 EUR","https://rvmalquiler.es/maquinaria/compresor-24l/?utm_source=facebook&utm_medium=paid_social&utm_campaign=rvm_alquiler_catalogo_valencia","https://yejgfasymeuwdneaoile.supabase.co/storage/v1/object/public/rvm-images/admin/1788612005617-compresor-24l.jpg","RVM Serveis","Alquiler > Industrial"
"35111150-c978-47e2-bb61-a9d7b1d57505","Alquiler de Compresor 50L · 1 día","Alquiler de Compresor 50L por 1 día. Tarifa base: 40,00 € + IVA (48,40 € total IVA incluido). Fianza: 150,00 €. Compresor portátil para trabajo profesional. Consulta disponibilidad y condiciones en Catarroja, Valencia.","in stock","used","48.40 EUR","https://rvmalquiler.es/maquinaria/compresor-50l/?utm_source=facebook&utm_medium=paid_social&utm_campaign=rvm_alquiler_catalogo_valencia","https://yejgfasymeuwdneaoile.supabase.co/storage/v1/object/public/rvm-images/admin/1788612021042-compresor-50l.jpg","RVM Serveis","Alquiler > Industrial"
"89a0ad0e-02fa-4848-981c-aba3462f9f6c","Alquiler de Cortacésped Gasolina · 1 día","Alquiler de Cortacésped Gasolina por 1 día. Tarifa base: 30,00 € + IVA (36,30 € total IVA incluido). Fianza: 150,00 €. Cortacésped de gasolina para jardín. Consulta disponibilidad y condiciones en Catarroja, Valencia.","in stock","used","36.30 EUR","https://rvmalquiler.es/maquinaria/cortacesped-gasolina/?utm_source=facebook&utm_medium=paid_social&utm_campaign=rvm_alquiler_catalogo_valencia","https://yejgfasymeuwdneaoile.supabase.co/storage/v1/object/public/rvm-images/admin/1788612059234-cortac-sped-gasolina.jpg","RVM Serveis","Alquiler > Agrícola y jardín"
"9187ef41-4dd8-4793-8f73-3b74d654e750","Alquiler de Cortacésped Tractor · 1 día","Alquiler de Cortacésped Tractor por 1 día. Tarifa base: 98,00 € + IVA (118,58 € total IVA incluido). Fianza: 350,00 €. Tractor cortacésped para superficies medianas y grandes. Consulta disponibilidad y condiciones en Catarroja, Valencia.","in stock","used","118.58 EUR","https://rvmalquiler.es/maquinaria/cortacesped-tractor/?utm_source=facebook&utm_medium=paid_social&utm_campaign=rvm_alquiler_catalogo_valencia","https://yejgfasymeuwdneaoile.supabase.co/storage/v1/object/public/rvm-images/admin/1788612073768-cortac-sped-tractor.jpg","RVM Serveis","Alquiler > Agrícola y jardín"
"c4eb4892-48a0-4510-b2ce-8ec050a0b80e","Alquiler de Desbrozador 2T. 52cc · 1 día","Alquiler de Desbrozador 2T. 52cc por 1 día. Tarifa base: 25,00 € + IVA (30,25 € total IVA incluido). Fianza: 100,00 €. Desbrozadora para jardín y terreno. Consulta disponibilidad y condiciones en Catarroja, Valencia.","in stock","used","30.25 EUR","https://rvmalquiler.es/maquinaria/desbrozador-2t-52cc/?utm_source=facebook&utm_medium=paid_social&utm_campaign=rvm_alquiler_catalogo_valencia","https://yejgfasymeuwdneaoile.supabase.co/storage/v1/object/public/rvm-images/admin/1788612109431-desbrozador-2t-52cc.jpg","RVM Serveis","Alquiler > Agrícola y jardín"
"f0ceeed8-0fac-4e28-9bde-83c0be7fdbec","Alquiler de Desbrozador de Martillos Garland · 1 día","Alquiler de Desbrozador de Martillos Garland por 1 día. Tarifa base: 80,00 € + IVA (96,80 € total IVA incluido). Fianza: 350,00 €. Desbrozadora de martillos Garland para vegetación densa y trabajos exigentes. Consulta disponibilidad y condiciones en Catarroja, Valencia.","in stock","used","96.80 EUR","https://rvmalquiler.es/maquinaria/desbrozador-de-martillos-garland/?utm_source=facebook&utm_medium=paid_social&utm_campaign=rvm_alquiler_catalogo_valencia","https://yejgfasymeuwdneaoile.supabase.co/storage/v1/object/public/rvm-images/admin/1788612141322-desbrozador-de-martillos-garland.jpg","RVM Serveis","Alquiler > Agrícola y jardín"
"2c9a0c0a-4fdb-4a90-86bf-32ad1f8d3832","Alquiler de Desbrozador de Martillos Vito · 1 día","Alquiler de Desbrozador de Martillos Vito por 1 día. Tarifa base: 80,00 € + IVA (96,80 € total IVA incluido). Fianza: 350,00 €. Desbrozadora de martillos Vito para vegetación densa y terrenos exigentes. Consulta disponibilidad y condiciones en Catarroja, Valencia.","in stock","used","96.80 EUR","https://rvmalquiler.es/maquinaria/desbrozador-de-martillos-vito/?utm_source=facebook&utm_medium=paid_social&utm_campaign=rvm_alquiler_catalogo_valencia","https://yejgfasymeuwdneaoile.supabase.co/storage/v1/object/public/rvm-images/admin/1788612161758-desbrozador-de-martillos-vito.jpg","RVM Serveis","Alquiler > Agrícola y jardín"
"490027ca-0a42-4937-8358-e7fd7f2bc213","Alquiler de Desbrozador Ruedas 4Tpos · 1 día","Alquiler de Desbrozador Ruedas 4Tpos por 1 día. Tarifa base: 40,00 € + IVA (48,40 € total IVA incluido). Fianza: 100,00 €. Desbrozadora de ruedas para trabajos de desbroce. Consulta disponibilidad y condiciones en Catarroja, Valencia.","in stock","used","48.40 EUR","https://rvmalquiler.es/maquinaria/desbrozador-ruedas-4tpos/?utm_source=facebook&utm_medium=paid_social&utm_campaign=rvm_alquiler_catalogo_valencia","https://yejgfasymeuwdneaoile.supabase.co/storage/v1/object/public/rvm-images/admin/1788612173368-desbrozador-ruedas-4tpos.jpg","RVM Serveis","Alquiler > Agrícola y jardín"
"feaa36be-9f1a-4621-ae0a-e19480c788fb","Alquiler de Escarificador Vito · 1 día","Alquiler de Escarificador Vito por 1 día. Tarifa base: 40,00 € + IVA (48,40 € total IVA incluido). Fianza: 200,00 €. Escarificador Vito para aireado y mantenimiento de césped. Consulta disponibilidad y condiciones en Catarroja, Valencia.","in stock","used","48.40 EUR","https://rvmalquiler.es/maquinaria/escarificador-vito/?utm_source=facebook&utm_medium=paid_social&utm_campaign=rvm_alquiler_catalogo_valencia","https://yejgfasymeuwdneaoile.supabase.co/storage/v1/object/public/rvm-images/admin/1788612192778-escarificador-vito.jpg","RVM Serveis","Alquiler > Agrícola y jardín"
"eac4c180-9452-4c23-b0cc-76ee232ddfb2","Alquiler de Generador 5KVA Monof. · 1 día","Alquiler de Generador 5KVA Monof. por 1 día. Tarifa base: 35,00 € + IVA (42,35 € total IVA incluido). Fianza: 200,00 €. Generador monofásico de 5 kVA para alimentación eléctrica temporal. Consulta disponibilidad y condiciones en Catarroja, Valencia.","in stock","used","42.35 EUR","https://rvmalquiler.es/maquinaria/generador-5kva-monof/?utm_source=facebook&utm_medium=paid_social&utm_campaign=rvm_alquiler_catalogo_valencia","https://yejgfasymeuwdneaoile.supabase.co/storage/v1/object/public/rvm-images/admin/1788612216875-generador-5kva-monof.jpg","RVM Serveis","Alquiler > Industrial"
"54cf4d47-a988-42be-a490-5ffb576ee0e2","Alquiler de Generador 6.9KVA Trif. · 1 día","Alquiler de Generador 6.9KVA Trif. por 1 día. Tarifa base: 40,00 € + IVA (48,40 € total IVA incluido). Fianza: 250,00 €. Generador trifásico profesional para obra y trabajos industriales. Consulta disponibilidad y condiciones en Catarroja, Valencia.","in stock","used","48.40 EUR","https://rvmalquiler.es/maquinaria/generador-6-9kva-trif/?utm_source=facebook&utm_medium=paid_social&utm_campaign=rvm_alquiler_catalogo_valencia","https://yejgfasymeuwdneaoile.supabase.co/storage/v1/object/public/rvm-images/admin/1788612240920-generador-6-9kva-trif.jpg","RVM Serveis","Alquiler > Industrial"
"96c7b380-d494-4ae0-a456-5af406526792","Alquiler de Hidrolavador 2800W · 1 día","Alquiler de Hidrolavador 2800W por 1 día. Tarifa base: 30,00 € + IVA (36,30 € total IVA incluido). Fianza: 100,00 €. Hidrolimpiadora de alta presión para limpieza profesional. Consulta disponibilidad y condiciones en Catarroja, Valencia.","in stock","used","36.30 EUR","https://rvmalquiler.es/maquinaria/hidrolavador-2800w/?utm_source=facebook&utm_medium=paid_social&utm_campaign=rvm_alquiler_catalogo_valencia","https://yejgfasymeuwdneaoile.supabase.co/storage/v1/object/public/rvm-images/admin/1788612255853-hidrolavador-2800w.jpg","RVM Serveis","Alquiler > Industrial"
"edc7915a-020c-4212-b373-fa2ecf688a9b","Alquiler de Hidrolavador 4T · 1 día","Alquiler de Hidrolavador 4T por 1 día. Tarifa base: 45,00 € + IVA (54,45 € total IVA incluido). Fianza: 200,00 €. Hidrolavadora de alta presión con motor 4 tiempos. Consulta disponibilidad y condiciones en Catarroja, Valencia.","in stock","used","54.45 EUR","https://rvmalquiler.es/maquinaria/hidrolavador-4t/?utm_source=facebook&utm_medium=paid_social&utm_campaign=rvm_alquiler_catalogo_valencia","https://yejgfasymeuwdneaoile.supabase.co/storage/v1/object/public/rvm-images/admin/1788612270882-hidrolavador-4t.jpg","RVM Serveis","Alquiler > Industrial"
"654cdfc3-6836-4545-8d6e-dde4dce70f28","Alquiler de Lijadora de Techo · 1 día","Alquiler de Lijadora de Techo por 1 día. Tarifa base: 30,00 € + IVA (36,30 € total IVA incluido). Fianza: 100,00 €. Lijadora de techo y pared para preparación de superficies. Consulta disponibilidad y condiciones en Catarroja, Valencia.","in stock","used","36.30 EUR","https://rvmalquiler.es/maquinaria/lijadora-de-techo/?utm_source=facebook&utm_medium=paid_social&utm_campaign=rvm_alquiler_catalogo_valencia","https://yejgfasymeuwdneaoile.supabase.co/storage/v1/object/public/rvm-images/admin/1788612284551-lijadora-de-techo.jpg","RVM Serveis","Alquiler > Construcción"
"f01e6de7-2f66-43fc-9fa1-71047b152400","Alquiler de Máquina de Pintar · 1 día","Alquiler de Máquina de Pintar por 1 día. Tarifa base: 40,00 € + IVA (48,40 € total IVA incluido). Fianza: 200,00 €. Equipo airless para aplicación de pintura en obra y mantenimiento. Consulta disponibilidad y condiciones en Catarroja, Valencia.","in stock","used","48.40 EUR","https://rvmalquiler.es/maquinaria/maquina-de-pintar/?utm_source=facebook&utm_medium=paid_social&utm_campaign=rvm_alquiler_catalogo_valencia","https://yejgfasymeuwdneaoile.supabase.co/storage/v1/object/public/rvm-images/admin/1788612300464-m-quina-de-pintar.jpg","RVM Serveis","Alquiler > Construcción"
"ffb2e0a1-8c80-44dc-99c1-7fadf46f6f08","Alquiler de Martillo 1300W · 1 día","Alquiler de Martillo 1300W por 1 día. Tarifa base: 25,00 € + IVA (30,25 € total IVA incluido). Fianza: 100,00 €. Martillo profesional para obra y demolición. Consulta disponibilidad y condiciones en Catarroja, Valencia.","in stock","used","30.25 EUR","https://rvmalquiler.es/maquinaria/martillo-1300w/?utm_source=facebook&utm_medium=paid_social&utm_campaign=rvm_alquiler_catalogo_valencia","https://yejgfasymeuwdneaoile.supabase.co/storage/v1/object/public/rvm-images/admin/1788612316086-martillo-1300w.jpg","RVM Serveis","Alquiler > Construcción"
"041ccc5d-83a5-4c4f-a962-53974f979ce7","Alquiler de Martillo 1500W · 1 día","Alquiler de Martillo 1500W por 1 día. Tarifa base: 25,00 € + IVA (30,25 € total IVA incluido). Fianza: 100,00 €. Martillo perforador/demolición de 1500 W para trabajos de obra. Consulta disponibilidad y condiciones en Catarroja, Valencia.","in stock","used","30.25 EUR","https://rvmalquiler.es/maquinaria/martillo-1500w/?utm_source=facebook&utm_medium=paid_social&utm_campaign=rvm_alquiler_catalogo_valencia","https://yejgfasymeuwdneaoile.supabase.co/storage/v1/object/public/rvm-images/admin/1788612342556-martillo-1500w.jpg","RVM Serveis","Alquiler > Construcción"
"bc4e2831-1e0b-4f1d-bea5-11647349c833","Alquiler de Martillo Demoledor · 1 día","Alquiler de Martillo Demoledor por 1 día. Tarifa base: 25,00 € + IVA (30,25 € total IVA incluido). Fianza: 100,00 €. Martillo demoledor para trabajos de demolición. Consulta disponibilidad y condiciones en Catarroja, Valencia.","in stock","used","30.25 EUR","https://rvmalquiler.es/maquinaria/martillo-demoledor/?utm_source=facebook&utm_medium=paid_social&utm_campaign=rvm_alquiler_catalogo_valencia","https://yejgfasymeuwdneaoile.supabase.co/storage/v1/object/public/rvm-images/admin/1788612352369-martillo-demoledor.jpg","RVM Serveis","Alquiler > Construcción"
"49c00fcf-e318-4b23-8f5a-cc453e6ce101","Alquiler de Martillo Prof. 1300W Vito · 1 día","Alquiler de Martillo Prof. 1300W Vito por 1 día. Tarifa base: 30,00 € + IVA (36,30 € total IVA incluido). Fianza: 150,00 €. Martillo profesional Vito de 1300 W para demolición y obra. Consulta disponibilidad y condiciones en Catarroja, Valencia.","in stock","used","36.30 EUR","https://rvmalquiler.es/maquinaria/martillo-prof-1300w-vito/?utm_source=facebook&utm_medium=paid_social&utm_campaign=rvm_alquiler_catalogo_valencia","https://yejgfasymeuwdneaoile.supabase.co/storage/v1/object/public/rvm-images/admin/1788612374774-martillo-prof-1300w-vito.jpg","RVM Serveis","Alquiler > Construcción"
"911502df-26cd-4a1b-86b3-b27b3f6ea772","Alquiler de Martillo Prof. Demoledor · 1 día","Alquiler de Martillo Prof. Demoledor por 1 día. Tarifa base: 35,00 € + IVA (42,35 € total IVA incluido). Fianza: 150,00 €. Martillo demoledor profesional para obra. Consulta disponibilidad y condiciones en Catarroja, Valencia.","in stock","used","42.35 EUR","https://rvmalquiler.es/maquinaria/martillo-prof-demoledor/?utm_source=facebook&utm_medium=paid_social&utm_campaign=rvm_alquiler_catalogo_valencia","https://yejgfasymeuwdneaoile.supabase.co/storage/v1/object/public/rvm-images/admin/1788612386855-martillo-prof-demoledor.jpg","RVM Serveis","Alquiler > Construcción"
"2a17af32-5401-4c4f-9aa3-9e490f2574d4","Alquiler de Moto-Soldador · 1 día","Alquiler de Moto-Soldador por 1 día. Tarifa base: 45,00 € + IVA (54,45 € total IVA incluido). Fianza: 200,00 €. Equipo motosoldador autónomo para trabajos profesionales. Consulta disponibilidad y condiciones en Catarroja, Valencia.","in stock","used","54.45 EUR","https://rvmalquiler.es/maquinaria/moto-soldador/?utm_source=facebook&utm_medium=paid_social&utm_campaign=rvm_alquiler_catalogo_valencia","https://yejgfasymeuwdneaoile.supabase.co/storage/v1/object/public/rvm-images/admin/1788612398033-moto-soldador.jpg","RVM Serveis","Alquiler > Industrial"
"883bdefd-a1ae-42cc-9cf5-bee38ab4385a","Alquiler de Motoazada Garland · 1 día","Alquiler de Motoazada Garland por 1 día. Tarifa base: 30,00 € + IVA (36,30 € total IVA incluido). Fianza: 250,00 €. Motoazada para preparación y laboreo de terreno. Consulta disponibilidad y condiciones en Catarroja, Valencia.","in stock","used","36.30 EUR","https://rvmalquiler.es/maquinaria/motoazada-garland/?utm_source=facebook&utm_medium=paid_social&utm_campaign=rvm_alquiler_catalogo_valencia","https://yejgfasymeuwdneaoile.supabase.co/storage/v1/object/public/rvm-images/admin/1788612412006-motoazada-garland.jpg","RVM Serveis","Alquiler > Agrícola y jardín"
"b8acae41-c281-4b11-9cea-83b9d6407019","Alquiler de Motoazada Garland 2T · 1 día","Alquiler de Motoazada Garland 2T por 1 día. Tarifa base: 28,00 € + IVA (33,88 € total IVA incluido). Fianza: 100,00 €. Motoazada Garland de 2 tiempos para huerto y preparación de terreno. Consulta disponibilidad y condiciones en Catarroja, Valencia.","in stock","used","33.88 EUR","https://rvmalquiler.es/maquinaria/motoazada-garland-2t/?utm_source=facebook&utm_medium=paid_social&utm_campaign=rvm_alquiler_catalogo_valencia","https://yejgfasymeuwdneaoile.supabase.co/storage/v1/object/public/rvm-images/admin/1788612424468-motoazada-garland-2t.jpg","RVM Serveis","Alquiler > Agrícola y jardín"
"894ae681-0f9f-4f6c-9d98-90c7960abd6e","Alquiler de Motocultor Vito · 1 día","Alquiler de Motocultor Vito por 1 día. Tarifa base: 35,00 € + IVA (42,35 € total IVA incluido). Fianza: 350,00 €. Motocultor Vito para laboreo y preparación de terreno. Consulta disponibilidad y condiciones en Catarroja, Valencia.","in stock","used","42.35 EUR","https://rvmalquiler.es/maquinaria/motocultor-vito/?utm_source=facebook&utm_medium=paid_social&utm_campaign=rvm_alquiler_catalogo_valencia","https://yejgfasymeuwdneaoile.supabase.co/storage/v1/object/public/rvm-images/admin/1788612440346-motocultor-vito.jpg","RVM Serveis","Alquiler > Agrícola y jardín"
"22dc049c-c19f-4924-9056-a37d120c0ddb","Alquiler de Motosierra OM-940 · 1 día","Alquiler de Motosierra OM-940 por 1 día. Tarifa base: 25,00 € + IVA (30,25 € total IVA incluido). Fianza: 100,00 €. Motosierra Oleo-Mac OM-940 para poda y corte de madera. Consulta disponibilidad y condiciones en Catarroja, Valencia.","in stock","used","30.25 EUR","https://rvmalquiler.es/maquinaria/motosierra-om-940/?utm_source=facebook&utm_medium=paid_social&utm_campaign=rvm_alquiler_catalogo_valencia","https://yejgfasymeuwdneaoile.supabase.co/storage/v1/object/public/rvm-images/admin/1788612465677-motosierra-om-940.jpg","RVM Serveis","Alquiler > Agrícola y jardín"
"d75d399d-3a75-422c-9670-62dcac6cddd2","Alquiler de Motosierra OM-952 · 1 día","Alquiler de Motosierra OM-952 por 1 día. Tarifa base: 30,00 € + IVA (36,30 € total IVA incluido). Fianza: 100,00 €. Motosierra para poda y corte de madera. Consulta disponibilidad y condiciones en Catarroja, Valencia.","in stock","used","36.30 EUR","https://rvmalquiler.es/maquinaria/motosierra-om-952/?utm_source=facebook&utm_medium=paid_social&utm_campaign=rvm_alquiler_catalogo_valencia","https://yejgfasymeuwdneaoile.supabase.co/storage/v1/object/public/rvm-images/admin/1788612477221-motosierra-om-952.jpg","RVM Serveis","Alquiler > Agrícola y jardín"
"83e1f5f6-4619-40d0-800d-c36accac6925","Alquiler de Pisón Waker · 1 día","Alquiler de Pisón Waker por 1 día. Tarifa base: 35,00 € + IVA (42,35 € total IVA incluido). Fianza: 250,00 €. Pisón compactador para zanjas, rellenos y obra. Consulta disponibilidad y condiciones en Catarroja, Valencia.","in stock","used","42.35 EUR","https://rvmalquiler.es/maquinaria/pison-waker/?utm_source=facebook&utm_medium=paid_social&utm_campaign=rvm_alquiler_catalogo_valencia","https://yejgfasymeuwdneaoile.supabase.co/storage/v1/object/public/rvm-images/admin/1788612489395-pis-n-waker.jpg","RVM Serveis","Alquiler > Construcción"
"b5172965-1e0c-49c5-b49e-c55ce2d9ee2e","Alquiler de Vareador de Aceitunas · 1 día","Alquiler de Vareador de Aceitunas por 1 día. Tarifa base: 50,00 € + IVA (60,50 € total IVA incluido). Fianza: 200,00 €. Vareador para recolección de aceitunas. Consulta disponibilidad y condiciones en Catarroja, Valencia.","in stock","used","60.50 EUR","https://rvmalquiler.es/maquinaria/vareador-de-aceitunas/?utm_source=facebook&utm_medium=paid_social&utm_campaign=rvm_alquiler_catalogo_valencia","https://yejgfasymeuwdneaoile.supabase.co/storage/v1/object/public/rvm-images/admin/1788612502682-vareador-de-aceitunas.jpg","RVM Serveis","Alquiler > Agrícola y jardín"
